{
    "lstm": {
        "accuracy": 0.7010309278350515,
        "classification_report": {
            "0": {
                "precision": 0.7052631578947368,
                "recall": 0.9852941176470589,
                "f1-score": 0.8220858895705522,
                "support": 68.0
            },
            "1": {
                "precision": 0.5,
                "recall": 0.034482758620689655,
                "f1-score": 0.06451612903225806,
                "support": 29.0
            },
            "accuracy": 0.7010309278350515,
            "macro avg": {
                "precision": 0.6026315789473684,
                "recall": 0.5098884381338743,
                "f1-score": 0.44330100930140515,
                "support": 97.0
            },
            "weighted avg": {
                "precision": 0.6438958220293001,
                "recall": 0.7010309278350515,
                "f1-score": 0.5955959611621962,
                "support": 97.0
            }
        },
        "confusion_matrix": [
            [
                67,
                1
            ],
            [
                28,
                1
            ]
        ],
        "roc_auc": 0.704868154158215
    }
}