{
    "lstm": {
        "accuracy": 0.7010309278350515,
        "classification_report": {
            "0": {
                "precision": 0.7468354430379747,
                "recall": 0.8676470588235294,
                "f1-score": 0.8027210884353742,
                "support": 68.0
            },
            "1": {
                "precision": 0.5,
                "recall": 0.3103448275862069,
                "f1-score": 0.3829787234042553,
                "support": 29.0
            },
            "accuracy": 0.7010309278350515,
            "macro avg": {
                "precision": 0.6234177215189873,
                "recall": 0.5889959432048681,
                "f1-score": 0.5928499059198147,
                "support": 97.0
            },
            "weighted avg": {
                "precision": 0.6730392796554874,
                "recall": 0.7010309278350515,
                "f1-score": 0.6772311030136995,
                "support": 97.0
            }
        },
        "confusion_matrix": [
            [
                59,
                9
            ],
            [
                20,
                9
            ]
        ],
        "roc_auc": 0.725659229208925
    }
}