{
    "lstm": {
        "accuracy": 0.711340206185567,
        "classification_report": {
            "0": {
                "precision": 0.75,
                "recall": 0.8823529411764706,
                "f1-score": 0.8108108108108109,
                "support": 68.0
            },
            "1": {
                "precision": 0.5294117647058824,
                "recall": 0.3103448275862069,
                "f1-score": 0.391304347826087,
                "support": 29.0
            },
            "accuracy": 0.711340206185567,
            "macro avg": {
                "precision": 0.6397058823529411,
                "recall": 0.5963488843813387,
                "f1-score": 0.6010575793184489,
                "support": 97.0
            },
            "weighted avg": {
                "precision": 0.6840509399636143,
                "recall": 0.711340206185567,
                "f1-score": 0.6853913528050687,
                "support": 97.0
            }
        },
        "confusion_matrix": [
            [
                60,
                8
            ],
            [
                20,
                9
            ]
        ],
        "roc_auc": 0.6921906693711968
    }
}