{
    "lstm": {
        "accuracy": 0.7010309278350515,
        "classification_report": {
            "0": {
                "precision": 0.7142857142857143,
                "recall": 0.9558823529411765,
                "f1-score": 0.8176100628930818,
                "support": 68.0
            },
            "1": {
                "precision": 0.5,
                "recall": 0.10344827586206896,
                "f1-score": 0.17142857142857143,
                "support": 29.0
            },
            "accuracy": 0.7010309278350515,
            "macro avg": {
                "precision": 0.6071428571428572,
                "recall": 0.5296653144016228,
                "f1-score": 0.49451931716082664,
                "support": 97.0
            },
            "weighted avg": {
                "precision": 0.6502209131075111,
                "recall": 0.7010309278350515,
                "f1-score": 0.6244217819397746,
                "support": 97.0
            }
        },
        "confusion_matrix": [
            [
                65,
                3
            ],
            [
                26,
                3
            ]
        ],
        "roc_auc": 0.6693711967545639
    }
}