{
    "lstm": {
        "accuracy": 0.7010309278350515,
        "classification_report": {
            "0": {
                "precision": 0.76,
                "recall": 0.8382352941176471,
                "f1-score": 0.7972027972027972,
                "support": 68.0
            },
            "1": {
                "precision": 0.5,
                "recall": 0.3793103448275862,
                "f1-score": 0.43137254901960786,
                "support": 29.0
            },
            "accuracy": 0.7010309278350515,
            "macro avg": {
                "precision": 0.63,
                "recall": 0.6087728194726166,
                "f1-score": 0.6142876731112026,
                "support": 97.0
            },
            "weighted avg": {
                "precision": 0.6822680412371135,
                "recall": 0.7010309278350515,
                "f1-score": 0.6878308673335962,
                "support": 97.0
            }
        },
        "confusion_matrix": [
            [
                57,
                11
            ],
            [
                18,
                11
            ]
        ],
        "roc_auc": 0.6815415821501014
    }
}